{"branches": 67.06192358366272, "coverage": 91.1946835825404}