{"branches": 67.06192358366272, "coverage": 91.20223531188643}