{"branches": 67.06192358366272, "coverage": 91.2702008760006}