{"branches": 66.93017127799736, "coverage": 91.21733877057846}