{"branches": 66.93017127799736, "coverage": 91.20978704123243}